doc_id,text
V2_1,наукова стаття описує експериментальне дослідження мовних моделей і методів обробки тексту
V2_2,дослідники аналізують корпус документів та перевіряють статистичні гіпотези у галузі nlp
V2_3,університетська лабораторія готує публікацію про тематичне моделювання і кластеризацію текстів
V2_4,освітня програма передбачає лекції лабораторні роботи і самостійну підготовку магістрів
V2_5,студенти виконують практичні завдання з python і навчаються будувати моделі машинного навчання
V2_6,викладач пояснює теоретичні основи векторизації класифікації та оцінювання якості моделей
V2_7,аналітична платформа формує дашборди для моніторингу показників і підтримки управлінських рішень
V2_8,цифровий інструмент обєднує збирання даних візуалізацію метрик і автоматичну генерацію звітів
V2_9,система бізнес аналітики допомагає аналізувати показники ефективності та будувати інтерактивні графіки
V2_10,науковий семінар присвячено відтворюваності експериментів і коректному опису методики дослідження
V2_11,навчальний курс розвиває компетентності з аналізу даних статистики та інтерпретації результатів
V2_12,аналітики інтегрують дані з різних джерел для побудови моделей і звітності
